method,dataset,noise_level,num_queries,num_stored,dim,hit_at_1,hit_at_5,hit_at_10,mrr,avg_latency_ms,p50_latency_ms,p95_latency_ms,p99_latency_ms,min_latency_ms,max_latency_ms,memory_mb,throughput_qps,seed,extra
CosineBaseline,synthetic_clustered,0.0,100,100,128,1.0,1.0,1.0,1.0,0.23138673000000004,0.199922,0.295615,3.387005,0.133219,3.387005,0.2088623046875,4321.769014152193,42,
CosineBaseline,synthetic_clustered,0.1,100,100,128,0.99,1.0,1.0,0.995,0.18731279999999995,0.175814,0.290688,0.706394,0.099722,0.706394,0.2088623046875,5338.663454926734,42,
CosineBaseline,synthetic_clustered,0.2,100,100,128,0.84,0.9,0.95,0.8714444444444445,0.17200533,0.159357,0.269479,0.449167,0.119975,0.449167,0.2088623046875,5813.773329000909,42,
CosineBaseline,synthetic_clustered,0.3,100,100,128,0.59,0.82,0.9,0.6853055555555556,0.3159349400000001,0.198283,0.819501,8.307139,0.12122,8.307139,0.2088623046875,3165.208634410615,42,
CosineBaseline,synthetic_clustered,0.4,100,100,128,0.36,0.63,0.74,0.4808253968253969,0.2524235299999999,0.189371,0.478968,3.011744,0.121537,3.011744,0.2088623046875,3961.595814780026,42,
CosineBaseline,synthetic_clustered,0.5,100,100,128,0.24,0.48,0.63,0.34434126984126984,0.19917111999999992,0.135594,0.310383,2.300964,0.121028,2.300964,0.2088623046875,5020.808237660161,42,
