method,dataset,noise_level,num_queries,num_stored,dim,hit_at_1,hit_at_5,hit_at_10,mrr,avg_latency_ms,p50_latency_ms,p95_latency_ms,p99_latency_ms,min_latency_ms,max_latency_ms,memory_mb,throughput_qps,seed,extra
CosineBaseline,synthetic_gaussian,0.0,100,100,128,1.0,1.0,1.0,1.0,0.29025255,0.146973,0.545793,8.709448,0.129567,8.709448,0.2088623046875,3445.2755023168615,42,
CosineBaseline,synthetic_gaussian,0.05,100,100,128,1.0,1.0,1.0,1.0,0.26735043999999997,0.194001,0.775167,1.808033,0.120564,1.808033,0.2088623046875,3740.409030185251,42,
CosineBaseline,synthetic_gaussian,0.1,100,100,128,1.0,1.0,1.0,1.0,0.26002994,0.20626,0.556772,2.410806,0.124153,2.410806,0.2088623046875,3845.7109977412597,42,
CosineBaseline,synthetic_gaussian,0.2,100,100,128,1.0,1.0,1.0,1.0,0.2708532899999999,0.189771,0.754465,1.531098,0.098273,1.531098,0.2088623046875,3692.035640401489,42,
CosineBaseline,synthetic_gaussian,0.3,100,100,128,1.0,1.0,1.0,1.0,0.23079501000000008,0.199834,0.555428,1.050401,0.119935,1.050401,0.2088623046875,4332.8493107368295,42,
