method,dataset,noise_level,num_queries,num_stored,dim,hit_at_1,hit_at_5,hit_at_10,mrr,avg_latency_ms,p50_latency_ms,p95_latency_ms,p99_latency_ms,min_latency_ms,max_latency_ms,memory_mb,throughput_qps,seed,extra
CosineBaseline,synthetic_gaussian,0.0,100,100,128,1.0,1.0,1.0,1.0,0.28241468999999997,0.135329,0.897809,5.901379,0.132126,5.901379,0.2088623046875,3540.892295652185,42,
CosineBaseline,synthetic_gaussian,0.1,100,100,128,1.0,1.0,1.0,1.0,0.42785152,0.130378,2.656197,5.996211,0.123291,5.996211,0.2088623046875,2337.259430561331,42,
CosineBaseline,synthetic_gaussian,0.2,100,100,128,1.0,1.0,1.0,1.0,0.6175731899999998,0.128882,3.280005,6.15143,0.122052,6.15143,0.2088623046875,1619.2412756777871,42,
CosineBaseline,synthetic_gaussian,0.3,100,100,128,1.0,1.0,1.0,1.0,0.38938723999999986,0.14767,2.088079,4.377306,0.122098,4.377306,0.2088623046875,2568.137569171502,42,
CosineBaseline,synthetic_gaussian,0.4,100,100,128,1.0,1.0,1.0,1.0,0.5381486799999999,0.3392,1.580427,9.343668,0.235843,9.343668,0.2088623046875,1858.2225269046469,42,
CosineBaseline,synthetic_gaussian,0.5,100,100,128,1.0,1.0,1.0,1.0,0.4828276200000002,0.31232,1.685865,5.888572,0.185608,5.888572,0.2088623046875,2071.1325503706676,42,
CosineBaseline,synthetic_gaussian,0.6,100,100,128,1.0,1.0,1.0,1.0,0.19865434,0.188306,0.227915,0.627112,0.169768,0.627112,0.2088623046875,5033.869383372143,42,
CosineBaseline,synthetic_gaussian,0.7,100,100,128,1.0,1.0,1.0,1.0,0.4472859900000002,0.134244,3.419325,8.134477,0.081073,8.134477,0.2088623046875,2235.7060635858497,42,
